userId,userName
123,Alice
456,Bob
689,Spinny
689,Spinny
689,Spinny
689,Spinny
689,Spinny
689,Spinny
689,Spinny
689,Spinny
689,Spinny
689,Spinny
689,Spinny
689,Spinny
689,Spinny
689,Spinny
689,Spinny
689,Spinny
689,Spinny
689,Spinny
689,Spinny
689,Spinny
689,Spinny
689,Spinny
689,Spinny
689,Spinny
689,Spinny
689,Spinny
689,Spinny
689,Spinny
689,Spinny
689,Spinny
689,Spinny
689,Spinny
689,Spinny
689,Spinny
689,Spinny
689,Spinny
689,Spinny
689,Spinny
689,Spinny
689,Spinny
689,Spinny
689,Spinny
689,Spinny
689,Spinny
689,Spinny